archive,source_path,output_path,route,title,word_count,privacy,status,tags
Phronetics,##Phronetics/Philosophical/Phronetics Overview.docx,theory/phronetics/phronetics-overview.md,theory/phronetics,Phronetics Overview,3354,private/internal,active,theory
Phronetics,##Phronetics/Philosophical/phronetics-manifesto.docx,theory/phronetics/phronetics-manifesto.md,theory/phronetics,phronetics manifesto,2088,private/internal,reference,theory
Phronetics,##Phronetics/Philosophical/Essay on phronetics 5_6_2026.docx,theory/phronetics/essay-on-phronetics-5-6-2026.md,theory/phronetics,Essay on phronetics 5 6 2026,1919,working,reference,theory
Phronetics,##Phronetics/AI Engine/Dialectical_Combat_Visual_Design_System_v2.docx,products/phronetics-dialectical-combat/dialectical-combat-visual-design-system-v2.md,products/phronetics-dialectical-combat,Dialectical Combat Visual Design System v2,9038,private/internal,active,theory
Phronetics,##Phronetics/AI Engine/Dialectical_Combat_Master_Spec_v3.docx,products/phronetics-dialectical-combat/dialectical-combat-master-spec-v3.md,products/phronetics-dialectical-combat,Dialectical Combat Master Spec v3,7588,private/internal,active,theory
Phronetics,##Phronetics/AI Engine/Phronetics_ Why This Idea Matters.docx,products/phronetics-dialectical-combat/phronetics-why-this-idea-matters.md,products/phronetics-dialectical-combat,Phronetics Why This Idea Matters,1420,working,parked,theory
Phronetics,##Phronetics/AI Engine/Old/Dialectical Combat — MVP Build Doc.docx,products/phronetics-dialectical-combat/dialectical-combat-mvp-build-doc.md,products/phronetics-dialectical-combat,Dialectical Combat — MVP Build Doc,3525,working,archive,theory;archive
Software Projects,####Software Projects/AI Native Builder Roadmap 2026.docx,theory/ai-native-builder-method/ai-native-builder-roadmap-2026.md,theory/ai-native-builder-method,AI Native Builder Roadmap 2026,5101,working,reference,planning
Software Projects,####Software Projects/PROMPT_ Agentic Code Priming Claude AI Window.docx,theory/ai-native-builder-method/prompt-agentic-code-priming-claude-ai-window.md,theory/ai-native-builder-method,PROMPT Agentic Code Priming Claude AI Window,1293,working,reference,planning
Software Projects,####Software Projects/Title_ Marcus_s AI-Native Builder Workflow & Standards (v1).docx,theory/ai-native-builder-method/title-marcus-s-ai-native-builder-workflow-standards-v1.md,theory/ai-native-builder-method,Title Marcus s AI Native Builder Workflow & Standards (v1),996,working,active,planning
Software Projects,####Software Projects/2 - Project planning/Project 1_ The Living Landing Page.docx,products/parked/living-landing-page/project-1-the-living-landing-page.md,products/parked/living-landing-page,Project 1 The Living Landing Page,823,private/internal,reference,product
Software Projects,####Software Projects/2 - Project planning/Marcus_Serious_Build_Checklist.docx,theory/ai-native-builder-method/marcus-serious-build-checklist.md,theory/ai-native-builder-method,Marcus Serious Build Checklist,2242,private/internal,active,product
Software Projects,####Software Projects/2 - Project planning/The Propylaea/Propylaea Build Spec V1.docx,products/propylaea/propylaea-build-spec-v1.md,products/propylaea,Propylaea Build Spec V1,3720,working,active,product
Software Projects,####Software Projects/2 - Project planning/The Propylaea/propylaea_final_build_spec_v1.docx,products/propylaea/propylaea-final-build-spec-v1.md,products/propylaea,propylaea final build spec v1,2842,working,active,product
Software Projects,####Software Projects/2 - Project planning/Sober garden /Old/Sober Garden Master Spec.docx,products/sober-garden/sober-garden-master-spec.md,products/sober-garden,Sober Garden Master Spec,11064,working,archive,product;archive
Software Projects,####Software Projects/2 - Project planning/4 Modes App/Four Modes Product Ladder.docx,products/four-modes/four-modes-product-ladder.md,products/four-modes,Four Modes Product Ladder,3261,working,reference,product
Software Projects,####Software Projects/2 - Project planning/4 Modes App/Specs/Four Modes — App Spec v1.docx,products/four-modes/four-modes-app-spec-v1.md,products/four-modes,Four Modes — App Spec v1,3137,working,active,product
Software Projects,####Software Projects/2 - Project planning/4 Modes App/Specs/# Four Modes — App Spec V2.docx,products/four-modes/four-modes-app-spec-v2.md,products/four-modes,# Four Modes — App Spec V2,4781,working,reference,product
Software Projects,####Software Projects/2 - Project planning/The Arbiter/Arbiter concept V5 Claude.docx,products/arbiter/arbiter-concept-v5-claude.md,products/arbiter,Arbiter concept V5 Claude,5380,working,reference,product
Software Projects,####Software Projects/2 - Project planning/The Arbiter/arbiter final.docx,products/arbiter/arbiter-final.md,products/arbiter,arbiter final,4749,private/internal,active,product
Software Projects,####Software Projects/2 - Project planning/The Arbiter/ARBITER V6 ChatGPT.docx,products/arbiter/arbiter-v6-chatgpt.md,products/arbiter,ARBITER V6 ChatGPT,5247,working,reference,product
Software Projects,####Software Projects/2 - Project planning/#PatchBay/Specs 5_9_26.docx,products/patchbay/specs-5-9-26.md,products/patchbay,Specs 5 9 26,10939,working,active,product
Software Projects,####Software Projects/2 - Project planning/Councilflow/CouncilFlow V0 — Build Brief (v4).docx,products/councilflow/councilflow-v0-build-brief-v4.md,products/councilflow,CouncilFlow V0 — Build Brief (v4),4195,working,reference,product
Software Projects,####Software Projects/2 - Project planning/Manuscript forge/ManuscriptForge V0_ Full Build Document For Marcus.docx,products/manuscript-forge/manuscriptforge-v0-full-build-document-for-marcus.md,products/manuscript-forge,ManuscriptForge V0 Full Build Document For Marcus,5343,private/internal,archive,product
Software Projects,####Software Projects/2 - Project planning/#Neskala/Villa Partner Pitch.docx,products/neskala/villa-partner-pitch.md,products/neskala,Villa Partner Pitch,1407,working,reference,product
Software Projects,####Software Projects/2 - Project planning/#Neskala/Build Brief.docx,products/neskala/build-brief.md,products/neskala,Build Brief,866,working,reference,product
Software Projects,####Software Projects/2 - Project planning/#Neskala/Neskala Vision v6 3.docx,products/neskala/neskala-vision-v6-3.md,products/neskala,Neskala Vision v6 3,13826,working,reference,product
Software Projects,####Software Projects/2 - Project planning/#Neskala/Neskala v6 1 Checklist Audit.docx,products/neskala/neskala-v6-1-checklist-audit.md,products/neskala,Neskala v6 1 Checklist Audit,3572,public-candidate,reference,product
Software Projects,####Software Projects/2 - Project planning/#Neskala/Provider Pitch.docx,products/neskala/provider-pitch.md,products/neskala,Provider Pitch,1322,working,reference,product
Software Projects,####Software Projects/2 - Project planning/#Neskala/The Thing I Would Actually Do Next.docx,products/neskala/the-thing-i-would-actually-do-next.md,products/neskala,The Thing I Would Actually Do Next,258,working,reference,product
Software Projects,####Software Projects/2 - Project planning/#Neskala/Docs to make for Neskala_.docx,products/neskala/docs-to-make-for-neskala.md,products/neskala,Docs to make for Neskala,637,working,reference,product
Software Projects,####Software Projects/2 - Project planning/#Neskala/Yuni Brief.docx,products/neskala/yuni-brief.md,products/neskala,Yuni Brief,1047,working,reference,product
Software Projects,####Software Projects/2 - Project planning/#Neskala/Concept OnePager.docx,products/neskala/concept-onepager.md,products/neskala,Concept OnePager,474,working,reference,product
Software Projects,####Software Projects/2 - Project planning/#Neskala/MVP build /# Neskala Spec Pack — MVP.docx,products/neskala/neskala-spec-pack-mvp.md,products/neskala,# Neskala Spec Pack — MVP,15793,working,reference,product
Software Projects,####Software Projects/2 - Project planning/#Neskala/MVP build /Neskala Prompt Pack.docx,products/neskala/neskala-prompt-pack.md,products/neskala,Neskala Prompt Pack,8245,private/internal,reference,product
Software Projects,####Software Projects/1 - References/Vite Quick Guide for VS Code.docx,archive/reference-notes/vite-quick-guide-for-vs-code.md,archive/reference-notes,Vite Quick Guide for VS Code,665,working,active,planning
Software Projects,####Software Projects/1 - References/Claude Code + Git Quick Setup Guide.docx,archive/reference-notes/claude-code-git-quick-setup-guide.md,archive/reference-notes,Claude Code + Git Quick Setup Guide,779,private/internal,reference,planning
Software Projects,####Software Projects/Document collation utility/Feedback.docx,archive/reference-notes/feedback.md,archive/reference-notes,Feedback,753,working,reference,planning
Software Projects,####Software Projects/VSTs and music software /Amorph plugin.docx,products/parked/music-tools/amorph-plugin.md,products/parked/music-tools,Amorph plugin,6,working,reference,product
Software Projects,####Software Projects/VSTs and music software /Research Brief_ AI-Assisted VST Development for Marcus Vale.docx,products/parked/music-tools/research-brief-ai-assisted-vst-development-for-marcus-vale.md,products/parked/music-tools,Research Brief AI Assisted VST Development for Marcus Vale,1673,working,reference,product
Software Projects,####Software Projects/VSTs and music software /Marcus Vale Web Music Toy v2 1.docx,products/parked/music-tools/marcus-vale-web-music-toy-v2-1.md,products/parked/music-tools,Marcus Vale Web Music Toy v2 1,3879,working,archive,product
Software Projects,####Software Projects/##INSIGHTS/The_Director_Model_Maxwell.docx,theory/director-model/the-director-model-maxwell.md,theory/director-model,The Director Model Maxwell,2688,working,active,planning
Software Projects,####Software Projects/##INSIGHTS/Marcus Vale_ The_Director_Model.docx,theory/director-model/marcus-vale-the-director-model.md,theory/director-model,Marcus Vale The Director Model,2688,working,active,planning
Software Projects,####Software Projects/Techne /Marcus’s 90-Day Timeline.docx,theory/ai-native-builder-method/marcuss-90-day-timeline.md,theory/ai-native-builder-method,Marcus’s 90 Day Timeline,3301,working,reference,planning
Software Projects,####Software Projects/Techne /Reentry into the market /Charlie Marcus vale ai native.docx,theory/ai-native-builder-method/charlie-marcus-vale-ai-native.md,theory/ai-native-builder-method,Charlie Marcus vale ai native,7847,working,active,planning
Software Projects,####Software Projects/Techne /Reentry into the market /2026 TECH REENTRY PLAN.docx,theory/ai-native-builder-method/2026-tech-reentry-plan.md,theory/ai-native-builder-method,2026 TECH REENTRY PLAN,722,working,reference,planning
Software Projects,####Software Projects/Techne /Reentry into the market /VST and Game DEVELOPMENT GUIDE.docx,theory/ai-native-builder-method/vst-and-game-development-guide.md,theory/ai-native-builder-method,VST and Game DEVELOPMENT GUIDE,352,working,active,planning
Software Projects,####Software Projects/Techne /Reentry into the market /Max’s Developer in 2026 Bible.docx,theory/ai-native-builder-method/maxs-developer-in-2026-bible.md,theory/ai-native-builder-method,Max’s Developer in 2026 Bible,832,working,active,planning
Software Projects,####Software Projects/Techne /Reentry into the market /NEXT 30 DAYS — FULL STACK REBUILD SPRINT.docx,theory/ai-native-builder-method/next-30-days-full-stack-rebuild-sprint.md,theory/ai-native-builder-method,NEXT 30 DAYS — FULL STACK REBUILD SPRINT,429,working,reference,planning
Software Projects,####Software Projects/Techne /#AI OS/Marcus’s Factory Machinery to Add.docx,theory/ai-native-builder-method/marcuss-factory-machinery-to-add.md,theory/ai-native-builder-method,Marcus’s Factory Machinery to Add,1316,working,archive,planning
Software Projects,####Software Projects/Techne /#AI OS/AGENTIC CODING DIRECTOR PRIMER OS.docx,theory/ai-native-builder-method/agentic-coding-director-primer-os.md,theory/ai-native-builder-method,AGENTIC CODING DIRECTOR PRIMER OS,1293,working,reference,studio-os
Software Projects,####Software Projects/Techne /LLM Techne /Gemini March 23rd tips and tricks and technique.docx,theory/ai-native-builder-method/gemini-march-23rd-tips-and-tricks-and-technique.md,theory/ai-native-builder-method,Gemini March 23rd tips and tricks and technique,606,working,reference,planning
Software Projects,####Software Projects/Techne /Game Development/The Game Maker_s Guide to Agentic Coding.docx,theory/ai-native-builder-method/the-game-maker-s-guide-to-agentic-coding.md,theory/ai-native-builder-method,The Game Maker s Guide to Agentic Coding,4874,working,active,studio-os
Software Projects,####Software Projects/Techne /AI agents /Mastering AI Agent Engineering_ A Practical Roadmap.docx,theory/ai-native-builder-method/mastering-ai-agent-engineering-a-practical-roadmap.md,theory/ai-native-builder-method,Mastering AI Agent Engineering A Practical Roadmap,476,working,active,planning
Software Projects,####Software Projects/Techne /AI agents /Building AI Agents Guide.docx,theory/ai-native-builder-method/building-ai-agents-guide.md,theory/ai-native-builder-method,Building AI Agents Guide,1932,working,active,planning
Software Projects,####Software Projects/Techne /AI agents /ai_agent_building_roadmap_google_docs_ready.docx,theory/ai-native-builder-method/ai-agent-building-roadmap-google-docs-ready.md,theory/ai-native-builder-method,ai agent building roadmap google docs ready,2288,working,reference,planning
Software Projects,####Software Projects/Techne /AI agents /The 2026 Developer’s Roadmap_ Building and Deploying AI Agents.docx,theory/ai-native-builder-method/the-2026-developers-roadmap-building-and-deploying-ai-agents.md,theory/ai-native-builder-method,The 2026 Developer’s Roadmap Building and Deploying AI Agents,590,working,active,planning
Software Projects,####Software Projects/Techne /AI agents /Open claw /OpenClaw Complete Guide.docx,theory/ai-native-builder-method/openclaw-complete-guide.md,theory/ai-native-builder-method,OpenClaw Complete Guide,4240,working,active,planning
Software Projects,####Software Projects/Techne /AI agents /Open claw /OpenClaw Briefing and Alerts Projects.docx,theory/ai-native-builder-method/openclaw-briefing-and-alerts-projects.md,theory/ai-native-builder-method,OpenClaw Briefing and Alerts Projects,4312,working,reference,planning
Software Projects,####Software Projects/Techne /AI agents /Replit/Replit Mastery Guide 2026.docx,theory/ai-native-builder-method/replit-mastery-guide-2026.md,theory/ai-native-builder-method,Replit Mastery Guide 2026,5678,working,active,planning
Software Projects,####Software Projects/Techne /AI agents /Replit/Project ideas to build in Replit_.docx,theory/ai-native-builder-method/project-ideas-to-build-in-replit.md,theory/ai-native-builder-method,Project ideas to build in Replit,74,working,reference,planning
Software Projects,####Software Projects/Techne /AI agents /Replit/replit_workspace_guide_2026.docx,theory/ai-native-builder-method/replit-workspace-guide-2026.md,theory/ai-native-builder-method,replit workspace guide 2026,4103,working,reference,planning
Software Projects,####Software Projects/Techne /AI agents /Replit/Replit Zero-to-Hero_ The Architect_s Guide.docx,theory/ai-native-builder-method/replit-zero-to-hero-the-architect-s-guide.md,theory/ai-native-builder-method,Replit Zero to Hero The Architect s Guide,736,working,reference,planning
Software Projects,####Software Projects/# Eagle Rocket/Jamie Stern/jamie-stern-work-status-checklist.docx,studio/case-studies/jamie-stern/jamie-stern-work-status-checklist.md,studio/case-studies/jamie-stern,jamie stern work status checklist,1532,private/internal,active,case-study
Software Projects,####Software Projects/# Eagle Rocket/Jamie Stern/5_5_26jamie-stern-handoff-v2.docx,studio/case-studies/jamie-stern/5-5-26jamie-stern-handoff-v2.md,studio/case-studies/jamie-stern,5 5 26jamie stern handoff v2,671,working,reference,case-study
Software Projects,####Software Projects/# Eagle Rocket/Jamie Stern/Audits/# Jamie Stern WordPress Page Speed Audit.docx,studio/case-studies/jamie-stern/jamie-stern-wordpress-page-speed-audit.md,studio/case-studies/jamie-stern,# Jamie Stern WordPress Page Speed Audit,4021,working,active,case-study
Software Projects,####Software Projects/# Eagle Rocket/Jamie Stern/Audits/jamie-stern-findings-for-sam-v2 (1).docx,studio/case-studies/jamie-stern/jamie-stern-findings-for-sam-v2-1.md,studio/case-studies/jamie-stern,jamie stern findings for sam v2 (1),1758,private/internal,active,case-study
Software Projects,####Software Projects/# Eagle Rocket/Jamie Stern/Audits/2026-05-05 WordPress Diagnostic Audit.docx,studio/case-studies/jamie-stern/2026-05-05-wordpress-diagnostic-audit.md,studio/case-studies/jamie-stern,2026 05 05 WordPress Diagnostic Audit,5146,working,archive,case-study
Software Projects,####Software Projects/# Eagle Rocket/Jamie Stern/Build log /Jamie stern build log prompt.docx,studio/case-studies/jamie-stern/jamie-stern-build-log-prompt.md,studio/case-studies/jamie-stern,Jamie stern build log prompt,735,private/internal,reference,case-study
Software Projects,####Software Projects/# Eagle Rocket/Jamie Stern/Build log /jamie-stern-engagement-archive (1).docx,studio/case-studies/jamie-stern/jamie-stern-engagement-archive-1.md,studio/case-studies/jamie-stern,jamie stern engagement archive (1),5645,private/internal,archive,case-study;archive
Software Projects,####Software Projects/# Eagle Rocket/Jamie Stern/Build log /field-log-jamie-stern-day1-2.docx,studio/case-studies/jamie-stern/field-log-jamie-stern-day1-2.md,studio/case-studies/jamie-stern,field log jamie stern day1 2,2844,private/internal,active,case-study
Software Projects,####Software Projects/# Eagle Rocket/Jamie Stern/Build log /Entries_ Jamie stern build log.docx,studio/case-studies/jamie-stern/entries-jamie-stern-build-log.md,studio/case-studies/jamie-stern,Entries Jamie stern build log,1915,working,active,case-study
Software Projects,####Software Projects/# Eagle Rocket/Jamie Stern/Prompts/Prompts sent.docx,studio/case-studies/jamie-stern/prompts-sent.md,studio/case-studies/jamie-stern,Prompts sent,4239,working,reference,case-study
Software Projects,####Software Projects/# Eagle Rocket/Jamie Stern/# Final Docs/jamie-stern-postmortem.docx,studio/case-studies/jamie-stern/jamie-stern-postmortem.md,studio/case-studies/jamie-stern,jamie stern postmortem,1744,working,reference,case-study
Software Projects,####Software Projects/# Eagle Rocket/Jamie Stern/# Final Docs/jamie-stern-sam-complete-v3.docx,studio/case-studies/jamie-stern/jamie-stern-sam-complete-v3.md,studio/case-studies/jamie-stern,jamie stern sam complete v3,4203,private/internal,reference,case-study
Software Projects,####Software Projects/# Eagle Rocket/Jamie Stern/# Final Docs/maxs-guide-to-agentic-coding.docx,studio/case-studies/jamie-stern/maxs-guide-to-agentic-coding.md,studio/case-studies/jamie-stern,maxs guide to agentic coding,9031,private/internal,reference,case-study
Software Projects,####Software Projects/Games /Marcus’s Little Game Dev Shop.docx,products/games-and-experiments/marcuss-little-game-dev-shop.md,products/games-and-experiments,Marcus’s Little Game Dev Shop,4552,working,reference,product
Software Projects,####Software Projects/Games /Angel at the dock/angel-at-the-dock-master-spec.docx,products/games-and-experiments/angel-at-the-dock-master-spec.md,products/games-and-experiments,angel at the dock master spec,2834,working,active,product
Software Projects,####Software Projects/3 - Career Planning/How_to_Monetize_My_AI_Native_Workflow_Field_Manual_v4_Commercial.docx,studio/positioning/career/how-to-monetize-my-ai-native-workflow-field-manual-v4-commercial.md,studio/positioning/career,How to Monetize My AI Native Workflow Field Manual v4 Commercial,7300,working,reference,career
Software Projects,####Software Projects/3 - Career Planning/Marcus Eureka moment agentic coding and his experience.docx,studio/positioning/career/marcus-eureka-moment-agentic-coding-and-his-experience.md,studio/positioning/career,Marcus Eureka moment agentic coding and his experience,1259,working,reference,studio-os;career
Software Projects,####Software Projects/3 - Career Planning/3-24-26 inspiration.docx,studio/positioning/career/3-24-26-inspiration.md,studio/positioning/career,3 24 26 inspiration,743,working,reference,career
Software Projects,####Software Projects/3 - Career Planning/NYC Life 3-24-2026 planning sessions.docx,studio/positioning/career/nyc-life-3-24-2026-planning-sessions.md,studio/positioning/career,NYC Life 3 24 2026 planning sessions,10843,working,active,career
Software Projects,####Software Projects/3 - Career Planning/Salesman path /Maxwells Return to Sales v2.docx,studio/positioning/career/maxwells-return-to-sales-v2.md,studio/positioning/career,Maxwells Return to Sales v2,2505,working,active,career
Software Projects,####Software Projects/3 - Career Planning/#Active/Maxwells Master Playbook v2.docx,studio/positioning/career/maxwells-master-playbook-v2.md,studio/positioning/career,Maxwells Master Playbook v2,8714,private/internal,active,career
Software Projects,####Software Projects/3 - Career Planning/#Active/Maxwells Master Playbook.docx,studio/positioning/career/maxwells-master-playbook.md,studio/positioning/career,Maxwells Master Playbook,6651,private/internal,active,career
Software Projects,####Software Projects/3 - Career Planning/#Active/Career Planning Doc_ AI-Native Fractional CTO Re-Entry.docx,studio/positioning/career/career-planning-doc-ai-native-fractional-cto-re-entry.md,studio/positioning/career,Career Planning Doc AI Native Fractional CTO Re Entry,3553,public-candidate,active,career
Software Projects,####Software Projects/3 - Career Planning/##CASE STUDIES/Jamie Stern marcus-vale-fcto-case-study-public.docx,studio/case-studies/jamie-stern/jamie-stern-marcus-vale-fcto-case-study-public.md,studio/case-studies/jamie-stern,Jamie Stern marcus vale fcto case study public,3279,public-candidate,active,career;case-study
Software Projects,####Software Projects/3 - Career Planning/Master path to CTO shop /All AI drafts for the big doc.docx,studio/positioning/career/all-ai-drafts-for-the-big-doc.md,studio/positioning/career,All AI drafts for the big doc,14833,private/internal,reference,career
Software Projects,####Software Projects/3 - Career Planning/Master path to CTO shop /Marcus Vale AI Native Builder Playbook.docx,studio/positioning/career/marcus-vale-ai-native-builder-playbook.md,studio/positioning/career,Marcus Vale AI Native Builder Playbook,7063,private/internal,reference,career
Symposium Studios,######Symposium Studios/Marcus Daily ToDos.docx,studio/general/marcus-daily-todos.md,studio/general,Marcus Daily ToDos,348,working,active,planning
Symposium Studios,######Symposium Studios/!Symposium Studios Company Setup Todo.docx,studio/general/symposium-studios-company-setup-todo.md,studio/general,!Symposium Studios Company Setup Todo,1412,private/internal,reference,planning
Symposium Studios,######Symposium Studios/Symposium_Studios_Archive_Analysis_May2026_Rev2.docx,studio/general/symposium-studios-archive-analysis-may2026-rev2.md,studio/general,Symposium Studios Archive Analysis May2026 Rev2,2932,private/internal,archive,archive
Symposium Studios,######Symposium Studios/# Theory/governed-emergent-systems.docx,theory/directed-emergence/governed-emergent-systems.md,theory/directed-emergence,governed emergent systems,5244,working,active,theory
Symposium Studios,"######Symposium Studios/# Los Angeles /Marcus Vale LA Offer AI Operating Systems for Creative Founders, Artists, Executives, and High-Output Operators_.docx",studio/offers-and-icp/la/marcus-vale-la-offer-ai-operating-systems-for-creative-founders-artists-executives-and-high-outp.md,studio/offers-and-icp/la,"Marcus Vale LA Offer AI Operating Systems for Creative Founders, Artists, Executives, and High Output Operators",2871,working,archive,planning
Symposium Studios,######Symposium Studios/# Los Angeles /Copy of New Marcus Vale and symposium 5_26_26 website concept.docx,studio/offers-and-icp/la/copy-of-new-marcus-vale-and-symposium-5-26-26-website-concept.md,studio/offers-and-icp/la,Copy of New Marcus Vale and symposium 5 26 26 website concept,1266,working,active,planning
Symposium Studios,######Symposium Studios/# Los Angeles /Copy of Why_We_Need_SymposiumOS_and_Aristotle_One.docx,studio/offers-and-icp/la/copy-of-why-we-need-symposiumos-and-aristotle-one.md,studio/offers-and-icp/la,Copy of Why We Need SymposiumOS and Aristotle One,3398,working,parked,planning
Symposium Studios,######Symposium Studios/# Los Angeles /Marcus Vale _ Symposium Studios LinkedIn Direction Doc.docx,studio/offers-and-icp/la/marcus-vale-symposium-studios-linkedin-direction-doc.md,studio/offers-and-icp/la,Marcus Vale Symposium Studios LinkedIn Direction Doc,1232,working,archive,planning
Symposium Studios,######Symposium Studios/# Los Angeles /Copy of Symposiums_Wedge_External_Brain_for_Non_Technical_Creators.docx,studio/offers-and-icp/la/copy-of-symposiums-wedge-external-brain-for-non-technical-creators.md,studio/offers-and-icp/la,Copy of Symposiums Wedge External Brain for Non Technical Creators,2125,working,archive,planning
Symposium Studios,######Symposium Studios/# Los Angeles /Copy of Conversion_Funnel_of_the_Self_Mormon_Lessons_for_External_Brain.docx,studio/offers-and-icp/la/copy-of-conversion-funnel-of-the-self-mormon-lessons-for-external-brain.md,studio/offers-and-icp/la,Copy of Conversion Funnel of the Self Mormon Lessons for External Brain,2488,private/internal,archive,planning
Symposium Studios,######Symposium Studios/# Los Angeles /Salesman path /6_10_26 Marcus Vale Internal Salesman Plan.docx,studio/offers-and-icp/la/6-10-26-marcus-vale-internal-salesman-plan.md,studio/offers-and-icp/la,6 10 26 Marcus Vale Internal Salesman Plan,2383,working,reference,career
Symposium Studios,######Symposium Studios/# Los Angeles /Salesman path /Market Analysis_ New York City vs.docx,studio/offers-and-icp/la/market-analysis-new-york-city-vs.md,studio/offers-and-icp/la,Market Analysis New York City vs,4680,working,reference,career
Symposium Studios,######Symposium Studios/# Los Angeles /Salesman path /Marcus_Vale_Agency_Salesman_Plan_Los_Angeles.docx,studio/offers-and-icp/la/marcus-vale-agency-salesman-plan-los-angeles.md,studio/offers-and-icp/la,Marcus Vale Agency Salesman Plan Los Angeles,2759,working,active,career
Symposium Studios,######Symposium Studios/# Los Angeles /MVS the Marcus vale variety show /Copy of Marcus_Vale_Variety_Show_Venice_Public_Stage_v3.docx,studio/media-youtube-writing/copy-of-marcus-vale-variety-show-venice-public-stage-v3.md,studio/media-youtube-writing,Copy of Marcus Vale Variety Show Venice Public Stage v3,2162,working,reference,media
Symposium Studios,######Symposium Studios/# Los Angeles /MVS the Marcus vale variety show /Copy of Marcus_Vale_Variety_Show_Venice_Public_Stage_v3(1).docx,studio/media-youtube-writing/copy-of-marcus-vale-variety-show-venice-public-stage-v3-1.md,studio/media-youtube-writing,Copy of Marcus Vale Variety Show Venice Public Stage v3(1),2162,working,reference,media
Symposium Studios,######Symposium Studios/# Los Angeles /MVS the Marcus vale variety show /Copy of Marcus_Vale_Variety_Show_Phase_and_Permit_Guide_v1.docx,studio/media-youtube-writing/copy-of-marcus-vale-variety-show-phase-and-permit-guide-v1.md,studio/media-youtube-writing,Copy of Marcus Vale Variety Show Phase and Permit Guide v1,3083,private/internal,active,media
Symposium Studios,######Symposium Studios/# Los Angeles /MVS the Marcus vale variety show /MVS Reddit + Social Promotion Strategy v0.docx,studio/media-youtube-writing/mvs-reddit-social-promotion-strategy-v0.md,studio/media-youtube-writing,MVS Reddit + Social Promotion Strategy v0,2570,private/internal,archive,media
Symposium Studios,######Symposium Studios/# Los Angeles /MVS the Marcus vale variety show /YouTube /Copy of Marcus Vale Video Topic Bank v0.docx,studio/media-youtube-writing/copy-of-marcus-vale-video-topic-bank-v0.md,studio/media-youtube-writing,Copy of Marcus Vale Video Topic Bank v0,2161,private/internal,archive,media
Symposium Studios,######Symposium Studios/# Los Angeles /Pattern intimacy by Marcus Vale channel /pattern_intimacy_by_marcus_vale_channel_master_plan.docx,studio/media-youtube-writing/pattern-intimacy-by-marcus-vale-channel-master-plan.md,studio/media-youtube-writing,pattern intimacy by marcus vale channel master plan,2936,working,archive,media
Symposium Studios,######Symposium Studios/# Los Angeles /Pattern intimacy by Marcus Vale channel /Video tree 6-6-2026.docx,studio/media-youtube-writing/video-tree-6-6-2026.md,studio/media-youtube-writing,Video tree 6 6 2026,348,working,reference,media
Symposium Studios,######Symposium Studios/# Los Angeles /Pattern intimacy by Marcus Vale channel /marcus_vale_channel_2_video_concepts.docx,studio/media-youtube-writing/marcus-vale-channel-2-video-concepts.md,studio/media-youtube-writing,marcus vale channel 2 video concepts,2276,private/internal,reference,media
Symposium Studios,######Symposium Studios/# Los Angeles /Pattern intimacy by Marcus Vale channel /videos_to_create_for_marcus_vale_channel.docx,studio/media-youtube-writing/videos-to-create-for-marcus-vale-channel.md,studio/media-youtube-writing,videos to create for marcus vale channel,3031,working,active,media
Symposium Studios,######Symposium Studios/Jobs-consulting /Marcus_Strongest_Offers_and_ICP.docx,studio/positioning/marcus-strongest-offers-and-icp.md,studio/positioning,Marcus Strongest Offers and ICP,2022,working,reference,career
Symposium Studios,######Symposium Studios/Jobs-consulting /Marcus_Vale_Agentic_Delivery_Thesis_Hubris_Guardrails.docx,studio/positioning/marcus-vale-agentic-delivery-thesis-hubris-guardrails.md,studio/positioning,Marcus Vale Agentic Delivery Thesis Hubris Guardrails,2070,working,reference,career
Symposium Studios,######Symposium Studios/Jobs-consulting /Jobs /Marcus Vale Resume 2026.docx,studio/positioning/marcus-vale-resume-2026.md,studio/positioning,Marcus Vale Resume 2026,958,working,active,career
Symposium Studios,######Symposium Studios/Jobs-consulting /Jobs /Marcus Vale Deloitte Agentic Delivery Resume 2026.docx,studio/positioning/marcus-vale-deloitte-agentic-delivery-resume-2026.md,studio/positioning,Marcus Vale Deloitte Agentic Delivery Resume 2026,976,working,reference,career
Symposium Studios,######Symposium Studios/Jobs-consulting /Jobs /Marcus Vale Resume TLDR.docx,studio/positioning/marcus-vale-resume-tldr.md,studio/positioning,Marcus Vale Resume TLDR,809,working,reference,career
Symposium Studios,######Symposium Studios/Jobs-consulting /Jobs /Marcus Vale Deloitte Cover Letter V2.docx,studio/positioning/marcus-vale-deloitte-cover-letter-v2.md,studio/positioning,Marcus Vale Deloitte Cover Letter V2,411,working,active,career
Symposium Studios,######Symposium Studios/Staffing and hires /Ashton /Ashton Prep Guide for Potential Symposium Studios Apprenticeship.docx,studio/general/ashton-prep-guide-for-potential-symposium-studios-apprenticeship.md,studio/general,Ashton Prep Guide for Potential Symposium Studios Apprenticeship,466,working,reference,planning
Symposium Studios,######Symposium Studios/New York City /Tech Week/Pre-NYC _ Tech Week Running To-Do List.docx,studio/events-and-fieldwork/new-york-city/pre-nyc-tech-week-running-to-do-list.md,studio/events-and-fieldwork/new-york-city,Pre NYC Tech Week Running To Do List,588,working,active,planning
Symposium Studios,######Symposium Studios/New York City /Tech Week/nyc_ai_arena_playbook_may27_june30_2026.docx,studio/events-and-fieldwork/new-york-city/nyc-ai-arena-playbook-may27-june30-2026.md,studio/events-and-fieldwork/new-york-city,nyc ai arena playbook may27 june30 2026,4050,private/internal,reference,planning
Symposium Studios,######Symposium Studios/New York City /Tech Week/NYC_Tech_Week_2026_Schedule.xlsx,studio/events-and-fieldwork/new-york-city/nyc-tech-week-2026-schedule.md,studio/events-and-fieldwork/new-york-city,NYC Tech Week 2026 Schedule,10,working,reference,planning
Symposium Studios,######Symposium Studios/New York City /Tech Week/Marcus vale tech week schedule.docx,studio/events-and-fieldwork/new-york-city/marcus-vale-tech-week-schedule.md,studio/events-and-fieldwork/new-york-city,Marcus vale tech week schedule,1771,working,reference,planning
Symposium Studios,######Symposium Studios/# Products /THE CAVE MVP/MVP Build Log the cave.docx,products/games-and-experiments/the-cave/mvp-build-log-the-cave.md,products/games-and-experiments/the-cave,MVP Build Log the cave,4369,private/internal,parked,product
Symposium Studios,######Symposium Studios/# Products /THE CAVE MVP/The Cave MVP Spec + Prompts.docx,products/games-and-experiments/the-cave/the-cave-mvp-spec-prompts.md,products/games-and-experiments/the-cave,The Cave MVP Spec + Prompts,4632,working,reference,product
Symposium Studios,######Symposium Studios/# Products /Green Ford/THE LONG BORDER 2.0 — AUTONOMOUS BUILD DIRECTIVE.docx,products/games-and-experiments/green-ford/the-long-border-2-0-autonomous-build-directive.md,products/games-and-experiments/green-ford,THE LONG BORDER 2.0 — AUTONOMOUS BUILD DIRECTIVE,4399,working,reference,product
Symposium Studios,######Symposium Studios/# Products /Green Ford/Build notes green ford.docx,products/games-and-experiments/green-ford/build-notes-green-ford.md,products/games-and-experiments/green-ford,Build notes green ford,3089,working,active,product
Symposium Studios,######Symposium Studios/# Products /NYC Sublet Radar/Archive/nyc-sublet-radar-doctrine-v0.1.docx,products/nyc-sublet-radar/nyc-sublet-radar-doctrine-v0-1.md,products/nyc-sublet-radar,nyc sublet radar doctrine v0.1,3397,working,archive,product;archive
Symposium Studios,######Symposium Studios/# Products /NYC Sublet Radar/Active/nyc-sublet-radar-doctrine-v0.2.docx,products/nyc-sublet-radar/nyc-sublet-radar-doctrine-v0-2.md,products/nyc-sublet-radar,nyc sublet radar doctrine v0.2,3571,working,active,product
Symposium Studios,######Symposium Studios/# Products /NYC Sublet Radar/Active/NYC SUBLET META PROMPT.docx,products/nyc-sublet-radar/nyc-sublet-meta-prompt.md,products/nyc-sublet-radar,NYC SUBLET META PROMPT,1832,working,active,product
Symposium Studios,######Symposium Studios/# Products /NYC Sublet Radar/Active/NYC SUBLET AUTONOMY_LAYER.docx,products/nyc-sublet-radar/nyc-sublet-autonomy-layer.md,products/nyc-sublet-radar,NYC SUBLET AUTONOMY LAYER,3787,working,active,product
Symposium Studios,######Symposium Studios/# Products /Anchor Sobriety/5-11-2026 Next Features Master Doc.docx,products/anchor/5-11-2026-next-features-master-doc.md,products/anchor,5 11 2026 Next Features Master Doc,2830,working,active,product
Symposium Studios,######Symposium Studios/# Products /Anchor Sobriety/AGENTIC CODING DIRECTOR PRIMER.docx,products/anchor/agentic-coding-director-primer.md,products/anchor,AGENTIC CODING DIRECTOR PRIMER,1293,working,reference,product;studio-os
Symposium Studios,######Symposium Studios/# Products /Anchor Sobriety/Anchor V5 Post V4 1 Roadmap.docx,products/anchor/anchor-v5-post-v4-1-roadmap.md,products/anchor,Anchor V5 Post V4 1 Roadmap,4827,working,active,product
Symposium Studios,######Symposium Studios/# Products /Anchor Sobriety/Builder_s Log -- Marcus Vale Journal for Anchor.docx,products/anchor/builder-s-log-marcus-vale-journal-for-anchor.md,products/anchor,Builder s Log Marcus Vale Journal for Anchor,53808,private/internal,parked,product
Symposium Studios,######Symposium Studios/# Products /Anchor Sobriety/ANCHOR — EXPO MOBILE CONVERSION GUIDE.docx,products/anchor/anchor-expo-mobile-conversion-guide.md,products/anchor,ANCHOR — EXPO MOBILE CONVERSION GUIDE,662,working,active,product
Symposium Studios,######Symposium Studios/# Products /Anchor Sobriety/Active directives/Anchor Mobile V1 — Expo Spec.docx,products/anchor/anchor-mobile-v1-expo-spec.md,products/anchor,Anchor Mobile V1 — Expo Spec,1431,working,active,product
Symposium Studios,######Symposium Studios/# Products /Anchor Sobriety/Active directives/Anchor Parked Items.docx,products/anchor/anchor-parked-items.md,products/anchor,Anchor Parked Items,639,working,active,product
Symposium Studios,######Symposium Studios/# Products /Anchor Sobriety/Active directives/Archive/Anchor Mobile — Phase J_ EAS Build + TestFlight.docx,products/anchor/anchor-mobile-phase-j-eas-build-testflight.md,products/anchor,Anchor Mobile — Phase J EAS Build + TestFlight,1075,working,archive,product;archive
Symposium Studios,######Symposium Studios/# Products /Anchor Sobriety/Active directives/Archive/Anchor Mobile — Phase D_ Home Screen.docx,products/anchor/anchor-mobile-phase-d-home-screen.md,products/anchor,Anchor Mobile — Phase D Home Screen,982,working,archive,product;archive
Symposium Studios,######Symposium Studios/# Products /Anchor Sobriety/Active directives/Archive/Anchor Mobile — Phase B_ Internal Component Kit.docx,products/anchor/anchor-mobile-phase-b-internal-component-kit.md,products/anchor,Anchor Mobile — Phase B Internal Component Kit,2277,working,archive,product;archive
Symposium Studios,######Symposium Studios/# Products /Anchor Sobriety/Active directives/Archive/Anchor Mobile — Phase G_ SOS Screen + Offline Cache.docx,products/anchor/anchor-mobile-phase-g-sos-screen-offline-cache.md,products/anchor,Anchor Mobile — Phase G SOS Screen + Offline Cache,864,working,archive,product;archive
Symposium Studios,######Symposium Studios/# Products /Anchor Sobriety/Active directives/Archive/Practice Mode v2 — Full Content Spec.docx,products/anchor/practice-mode-v2-full-content-spec.md,products/anchor,Practice Mode v2 — Full Content Spec,7061,working,archive,product;archive
Symposium Studios,######Symposium Studios/# Products /Anchor Sobriety/Active directives/Archive/V5.2 — Data Export + Memory Search Lite.docx,products/anchor/v5-2-data-export-memory-search-lite.md,products/anchor,V5.2 — Data Export + Memory Search Lite,1480,working,archive,product;archive
Symposium Studios,######Symposium Studios/# Products /Anchor Sobriety/Active directives/Archive/Anchor Mobile — Phase A_ Expo Scaffold + NativeWind + EAS Config.docx,products/anchor/anchor-mobile-phase-a-expo-scaffold-nativewind-eas-config.md,products/anchor,Anchor Mobile — Phase A Expo Scaffold + NativeWind + EAS Config,1397,working,archive,product;archive
Symposium Studios,######Symposium Studios/# Products /Anchor Sobriety/Active directives/Archive/# Practice Progress Insights Card directive.docx,products/anchor/practice-progress-insights-card-directive.md,products/anchor,# Practice Progress Insights Card directive,1401,working,archive,product;archive
Symposium Studios,######Symposium Studios/# Products /Anchor Sobriety/Active directives/Archive/# V5.2 — Data Export.docx,products/anchor/v5-2-data-export.md,products/anchor,# V5.2 — Data Export,2269,working,archive,product;archive
Symposium Studios,######Symposium Studios/# Products /Anchor Sobriety/Active directives/Archive/Anchor Mobile — Phase E_ Check-In Screen.docx,products/anchor/anchor-mobile-phase-e-check-in-screen.md,products/anchor,Anchor Mobile — Phase E Check In Screen,858,working,archive,product;archive
Symposium Studios,######Symposium Studios/# Products /Anchor Sobriety/Active directives/Archive/Anchor Mobile — Phase F_ Chat Screen.docx,products/anchor/anchor-mobile-phase-f-chat-screen.md,products/anchor,Anchor Mobile — Phase F Chat Screen,764,working,archive,product;archive
Symposium Studios,######Symposium Studios/# Products /Anchor Sobriety/Active directives/Archive/Anchor Mobile — Phase C_ Auth Flow (Supabase Magic Link).docx,products/anchor/anchor-mobile-phase-c-auth-flow-supabase-magic-link.md,products/anchor,Anchor Mobile — Phase C Auth Flow (Supabase Magic Link),1318,working,archive,product;archive
Symposium Studios,######Symposium Studios/# Products /Anchor Sobriety/Active directives/Archive/# V5.2 — Memory Search Lite.docx,products/anchor/v5-2-memory-search-lite.md,products/anchor,# V5.2 — Memory Search Lite,2482,working,archive,product;archive
Symposium Studios,######Symposium Studios/# Products /Anchor Sobriety/Active directives/Archive/Anchor Mobile — Phase I_ Push Notifications.docx,products/anchor/anchor-mobile-phase-i-push-notifications.md,products/anchor,Anchor Mobile — Phase I Push Notifications,701,working,archive,product;archive
Symposium Studios,######Symposium Studios/# Products /Anchor Sobriety/Active directives/Archive/Anchor Mobile — Phase H_ Minimal Settings.docx,products/anchor/anchor-mobile-phase-h-minimal-settings.md,products/anchor,Anchor Mobile — Phase H Minimal Settings,584,working,archive,product;archive
Symposium Studios,######Symposium Studios/# Products /Anchor Sobriety/Active directives/Pre-Flight/Anchor Mobile — Phase K_ Final Build Report + Director Model Capture.docx,products/anchor/anchor-mobile-phase-k-final-build-report-director-model-capture.md,products/anchor,Anchor Mobile — Phase K Final Build Report + Director Model Capture,899,public-candidate,active,product;theory
Symposium Studios,######Symposium Studios/# Products /Anchor Sobriety/Active directives/Pre-Flight/!!Anchor Mobile V1 — Runtime Execution Plan.docx,products/anchor/anchor-mobile-v1-runtime-execution-plan.md,products/anchor,!!Anchor Mobile V1 — Runtime Execution Plan,1646,working,active,product
Symposium Studios,######Symposium Studios/# Products /Anchor Sobriety/Audits/5_9_26 Anchor Desktop Design Audit and Redesign Brief.docx,products/anchor/5-9-26-anchor-desktop-design-audit-and-redesign-brief.md,products/anchor,5 9 26 Anchor Desktop Design Audit and Redesign Brief,17011,working,reference,product
Symposium Studios,######Symposium Studios/# Products /Anchor Sobriety/Audits/Anchor app user feedback + AI audits.docx,products/anchor/anchor-app-user-feedback-ai-audits.md,products/anchor,Anchor app user feedback + AI audits,5250,working,reference,product
Symposium Studios,######Symposium Studios/# Products /Anchor Sobriety/References/Anchor Route Inventory 5_9_26.docx,products/anchor/anchor-route-inventory-5-9-26.md,products/anchor,Anchor Route Inventory 5 9 26,261,working,archive,product
Symposium Studios,######Symposium Studios/# Products /Anchor Sobriety/Old/Full AI sponsor app features.docx,products/anchor/full-ai-sponsor-app-features.md,products/anchor,Full AI sponsor app features,30410,working,archive,product;archive
Symposium Studios,######Symposium Studios/# Products /Anchor Sobriety/Old/V5.1 council revisions forbidden phrase expansion.docx,products/anchor/v5-1-council-revisions-forbidden-phrase-expansion.md,products/anchor,V5.1 council revisions forbidden phrase expansion,1489,working,archive,product;archive
Symposium Studios,######Symposium Studios/# Products /Anchor Sobriety/Old/Anchor — Time-Aware Check-In System.docx,products/anchor/anchor-time-aware-check-in-system.md,products/anchor,Anchor — Time Aware Check In System,1964,working,archive,product;archive
Symposium Studios,######Symposium Studios/# Products /Anchor Sobriety/Old/CloudCode Prompt_ Autonomous Anchor Issue Executor.docx,products/anchor/cloudcode-prompt-autonomous-anchor-issue-executor.md,products/anchor,CloudCode Prompt Autonomous Anchor Issue Executor,740,working,archive,product;archive
Symposium Studios,######Symposium Studios/# Products /Anchor Sobriety/Old/Initial prompt.docx,products/anchor/initial-prompt.md,products/anchor,Initial prompt,513,working,archive,product;archive
Symposium Studios,######Symposium Studios/# Products /Anchor Sobriety/Old/V2 prompts.docx,products/anchor/v2-prompts.md,products/anchor,V2 prompts,2784,working,archive,product;archive
Symposium Studios,######Symposium Studios/# Products /Anchor Sobriety/Old/Claude Anchor V4.0 Run.docx,products/anchor/claude-anchor-v4-0-run.md,products/anchor,Claude Anchor V4.0 Run,12326,working,archive,product;archive
Symposium Studios,"######Symposium Studios/# Products /Anchor Sobriety/Old/# V5.3 Council Revisions — Approved Bank Reword + Adds, Forbidden List Expansion, Start-Over Nuance.docx",products/anchor/v5-3-council-revisions-approved-bank-reword-adds-forbidden-list-expansion-start-over-nuance.md,products/anchor,"# V5.3 Council Revisions — Approved Bank Reword + Adds, Forbidden List Expansion, Start Over Nuance",1303,working,archive,product;archive
Symposium Studios,######Symposium Studios/# Products /Anchor Sobriety/Old/Post V3 Predictive Features.docx,products/anchor/post-v3-predictive-features.md,products/anchor,Post V3 Predictive Features,2045,working,archive,product;archive
Symposium Studios,######Symposium Studios/# Products /Anchor Sobriety/Old/# V5.1 Pattern Insight + Drift Detection.docx,products/anchor/v5-1-pattern-insight-drift-detection.md,products/anchor,# V5.1 Pattern Insight + Drift Detection,2678,working,archive,product;archive
Symposium Studios,######Symposium Studios/# Products /Anchor Sobriety/Old/Pre V4 Pre Deploy Prompts.docx,products/anchor/pre-v4-pre-deploy-prompts.md,products/anchor,Pre V4 Pre Deploy Prompts,6095,working,archive,product;archive
Symposium Studios,######Symposium Studios/# Products /Anchor Sobriety/Old/email-infrastructure-setup-directive.md.docx,products/anchor/email-infrastructure-setup-directive.md,products/anchor,email infrastructure setup directive,1172,working,archive,product;archive
Symposium Studios,######Symposium Studios/# Products /Anchor Sobriety/Old/anchor postmortem.docx,products/anchor/anchor-postmortem.md,products/anchor,anchor postmortem,1540,working,archive,product;archive
Symposium Studios,######Symposium Studios/# Products /Anchor Sobriety/Old/Anchor V3 Production Deployment Plan.docx,products/anchor/anchor-v3-production-deployment-plan.md,products/anchor,Anchor V3 Production Deployment Plan,6799,working,archive,product;archive
Symposium Studios,######Symposium Studios/# Products /Anchor Sobriety/Old/DIRECTIVE_ M5c Fragment Bundling Fix.docx,products/anchor/directive-m5c-fragment-bundling-fix.md,products/anchor,DIRECTIVE M5c Fragment Bundling Fix,1912,working,archive,product;archive
Symposium Studios,######Symposium Studios/# Products /Anchor Sobriety/Old/Anchor Case Study In Progress.docx,products/anchor/anchor-case-study-in-progress.md,products/anchor,Anchor Case Study In Progress,6016,public-candidate,archive,product;case-study;archive
Symposium Studios,######Symposium Studios/# Products /Anchor Sobriety/Old/Anchor_V4_Master_Doc_Final.docx,products/anchor/anchor-v4-master-doc-final.md,products/anchor,Anchor V4 Master Doc Final,12921,working,archive,product;archive
Symposium Studios,######Symposium Studios/# Products /Anchor Sobriety/Old/5-12-2026 feedback Marcus.docx,products/anchor/5-12-2026-feedback-marcus.md,products/anchor,5 12 2026 feedback Marcus,154,working,archive,product;archive
Symposium Studios,######Symposium Studios/# Products /Anchor Sobriety/Old/email-checkin-redesign-directive.md.docx,products/anchor/email-checkin-redesign-directive.md,products/anchor,email checkin redesign directive,1347,working,archive,product;archive
Symposium Studios,######Symposium Studios/# Products /Anchor Sobriety/Old/ANCHOR — Post V3 Field Test Backlog.docx,products/anchor/anchor-post-v3-field-test-backlog.md,products/anchor,ANCHOR — Post V3 Field Test Backlog,605,working,archive,product;archive
Symposium Studios,######Symposium Studios/# Products /Anchor Sobriety/Old/DIRECTIVE_ V5.docx,products/anchor/directive-v5.md,products/anchor,DIRECTIVE V5,2665,working,archive,product;archive
Symposium Studios,######Symposium Studios/# Products /Anchor Sobriety/Old/VNext Phase 2 — Time-of-Day Routing_ Implementation Plan.docx,products/anchor/vnext-phase-2-time-of-day-routing-implementation-plan.md,products/anchor,VNext Phase 2 — Time of Day Routing Implementation Plan,1066,private/internal,archive,product;archive
Symposium Studios,######Symposium Studios/# Products /Anchor Sobriety/Anchor V4/V4.0 prompts Replit.docx,products/anchor/v4-0-prompts-replit.md,products/anchor,V4.0 prompts Replit,7872,working,reference,product
Symposium Studios,######Symposium Studios/# Products /Anchor Sobriety/Anchor V4/Anchor V4 1 Practice Mode.docx,products/anchor/anchor-v4-1-practice-mode.md,products/anchor,Anchor V4 1 Practice Mode,5042,working,reference,product
Symposium Studios,######Symposium Studios/# Products /Anchor Sobriety/Anchor V4/Anchor V4 User Context Architecture.docx,products/anchor/anchor-v4-user-context-architecture.md,products/anchor,Anchor V4 User Context Architecture,3828,working,reference,product
Symposium Studios,######Symposium Studios/# Products /Anchor Sobriety/Anchor V4/V 4.1 prompts Replit.docx,products/anchor/v-4-1-prompts-replit.md,products/anchor,V 4.1 prompts Replit,27558,working,reference,product
Symposium Studios,######Symposium Studios/# Products /Anchor Sobriety/Anchor V4/Anchor V4 Master Doc v2.docx,products/anchor/anchor-v4-master-doc-v2.md,products/anchor,Anchor V4 Master Doc v2,5653,working,active,product
Symposium Studios,######Symposium Studios/# Products /Anchor Sobriety/Assets/Marketing Assets/5_9_26 Anchor Asset Plan.docx,products/anchor/5-9-26-anchor-asset-plan.md,products/anchor,5 9 26 Anchor Asset Plan,1177,public-candidate,reference,product
Symposium Studios,######Symposium Studios/# Products /Anchor Sobriety/Anchor OS/Anchor Autonomy_layer.md.docx,products/anchor/anchor-autonomy-layer.md,products/anchor,Anchor Autonomy layer,3358,working,active,product
Symposium Studios,######Symposium Studios/# Products /Anchor Sobriety/Anchor OS/Anchor Spec Meta Prompt_.docx,products/anchor/anchor-spec-meta-prompt.md,products/anchor,Anchor Spec Meta Prompt,1594,working,active,product
Symposium Studios,######Symposium Studios/# Products /AI village tech demo /AI Village Adventure Tech Demo Spec.docx,products/games-and-experiments/ai-village/ai-village-adventure-tech-demo-spec.md,products/games-and-experiments/ai-village,AI Village Adventure Tech Demo Spec,4914,working,reference,product
Symposium Studios,######Symposium Studios/# Products /# Open Brain/OB1 _ OpenBrain Expansion Brief.docx,products/open-brain/ob1-openbrain-expansion-brief.md,products/open-brain,OB1 OpenBrain Expansion Brief,1818,working,reference,product
Symposium Studios,######Symposium Studios/# Products /# Open Brain/Low-Friction Memory Workflow and Product Solution.docx,products/open-brain/low-friction-memory-workflow-and-product-solution.md,products/open-brain,Low Friction Memory Workflow and Product Solution,1883,working,reference,product
Symposium Studios,######Symposium Studios/# Products /The virtue board /The Virtue Board mvp spec_.docx,products/games-and-experiments/virtue-board/the-virtue-board-mvp-spec.md,products/games-and-experiments/virtue-board,The Virtue Board mvp spec,4210,private/internal,reference,product
Symposium Studios,######Symposium Studios/# Products /The Long Border/Build notes  The long border.docx,products/games-and-experiments/the-long-border/build-notes-the-long-border.md,products/games-and-experiments/the-long-border,Build notes The long border,3304,working,active,product
Symposium Studios,######Symposium Studios/# Products /The Long Border/The Long Border Spec + Prompts MVP.docx,products/games-and-experiments/the-long-border/the-long-border-spec-prompts-mvp.md,products/games-and-experiments/the-long-border,The Long Border Spec + Prompts MVP,5254,working,active,product
Symposium Studios,######Symposium Studios/# Products /Dream Mirror /DreamMirror_Builder_Grade_Bible_v3_Revised.docx,products/dream-mirror/dreammirror-builder-grade-bible-v3-revised.md,products/dream-mirror,DreamMirror Builder Grade Bible v3 Revised,4678,private/internal,active,product
Symposium Studios,######Symposium Studios/# Products /Dream Mirror /Specs/V0_SEED_SPEC_DreamMirror_v1.md,products/dream-mirror/v0-seed-spec-dreammirror-v1.md,products/dream-mirror,V0 SEED SPEC DreamMirror v1,2082,private/internal,active,product
Symposium Studios,######Symposium Studios/# Products /Dream Mirror /Dream Mirror OS/DIRECTOR_PRIMER_DreamMirror_v1.md,products/dream-mirror/director-primer-dreammirror-v1.md,products/dream-mirror,DIRECTOR PRIMER DreamMirror v1,1023,working,active,product
Symposium Studios,######Symposium Studios/# Products /Dream Mirror /Dream Mirror OS/META_PROMPT_DreamMirror_v1.md,products/dream-mirror/meta-prompt-dreammirror-v1.md,products/dream-mirror,META PROMPT DreamMirror v1,529,working,active,product
Symposium Studios,######Symposium Studios/# Products /Dream Mirror /Dream Mirror OS/ADR_DreamMirror_v1.md,products/dream-mirror/adr-dreammirror-v1.md,products/dream-mirror,ADR DreamMirror v1,626,working,active,product
Symposium Studios,######Symposium Studios/# Products /Dream Mirror /Dream Mirror OS/AUTONOMY_LAYER_DreamMirror_v1.md,products/dream-mirror/autonomy-layer-dreammirror-v1.md,products/dream-mirror,AUTONOMY LAYER DreamMirror v1,1246,working,active,product
Symposium Studios,######Symposium Studios/# Products /Dream Mirror /Dream Mirror OS/PROMPT_LIBRARY_DreamMirror_v1.md,products/dream-mirror/prompt-library-dreammirror-v1.md,products/dream-mirror,PROMPT LIBRARY DreamMirror v1,2259,working,active,product
Symposium Studios,######Symposium Studios/# Products /Dream Mirror /Dream Mirror OS/AGENT_PROMPT_DreamMirror_v1.md,products/dream-mirror/agent-prompt-dreammirror-v1.md,products/dream-mirror,AGENT PROMPT DreamMirror v1,1028,working,active,product
Symposium Studios,######Symposium Studios/# Products /Dream Mirror /Build Log/Build Log_ Dream Mirror.docx,products/dream-mirror/build-log-dream-mirror.md,products/dream-mirror,Build Log Dream Mirror,6442,working,reference,product
Symposium Studios,######Symposium Studios/# Products /Dream Mirror /Build Log/✒️ Dream Mirror Build Log Prompt.docx,products/dream-mirror/dream-mirror-build-log-prompt.md,products/dream-mirror,✒️ Dream Mirror Build Log Prompt,859,working,reference,product
Symposium Studios,######Symposium Studios/# Products /Kairos app /Event scrape prompt.docx,products/kairos/event-scrape-prompt.md,products/kairos,Event scrape prompt,1285,working,reference,product
Symposium Studios,######Symposium Studios/# Products /Kairos app /tech week signal map spec v1.docx,products/kairos/tech-week-signal-map-spec-v1.md,products/kairos,tech week signal map spec v1,3449,working,active,product
Symposium Studios,######Symposium Studios/# Products /Kairos app /Active Directives/Kairos Rescue 6 PR Run.docx,products/kairos/kairos-rescue-6-pr-run.md,products/kairos,Kairos Rescue 6 PR Run,2517,working,active,product
Symposium Studios,######Symposium Studios/# Products /Kairos app /Logs and receipts /Kairos Build Log.docx,products/kairos/kairos-build-log.md,products/kairos,Kairos Build Log,11929,working,reference,product
Symposium Studios,######Symposium Studios/# Products /Kairos app /Core app stuff /# Kairos — V1 Bootstrap Build Directive.docx,products/kairos/kairos-v1-bootstrap-build-directive.md,products/kairos,# Kairos — V1 Bootstrap Build Directive,2422,working,active,product
Symposium Studios,######Symposium Studios/Other IP and ideas /# Practice Mirror.docx,products/parked/other-ip/practice-mirror.md,products/parked/other-ip,# Practice Mirror,1680,working,active,planning
Symposium Studios,######Symposium Studios/Other IP and ideas /Not safe for laundry /Untitled document.docx,products/parked/other-ip/untitled-document.md,products/parked/other-ip,Untitled document,5634,working,active,planning
Symposium Studios,######Symposium Studios/Other IP and ideas /Business cards/Final Business Card Direction Doc.docx,products/parked/other-ip/final-business-card-direction-doc.md,products/parked/other-ip,Final Business Card Direction Doc,1067,working,active,planning
Symposium Studios,######Symposium Studios/# Leveling up /Symposium Studios Skills Library.docx,studio/positioning/symposium-studios-skills-library.md,studio/positioning,Symposium Studios Skills Library,203,private/internal,parked,planning
Symposium Studios,######Symposium Studios/# Leveling up /Symposium OS_ Level-Up Brief.docx,studio/positioning/symposium-os-level-up-brief.md,studio/positioning,Symposium OS Level Up Brief,801,private/internal,active,studio-os
Symposium Studios,"######Symposium Studios/# Leveling up /# Symposium OS Leveling Up Note_ Skills Marketplace, Shared Language, and Agent Handoffs.docx",studio/positioning/symposium-os-leveling-up-note-skills-marketplace-shared-language-and-agent-handoffs.md,studio/positioning,"# Symposium OS Leveling Up Note Skills Marketplace, Shared Language, and Agent Handoffs",2798,working,archive,studio-os
Symposium Studios,######Symposium Studios/# Leveling up /symposium-os-skills-marketplace-levelingup.md,studio/positioning/symposium-os-skills-marketplace-levelingup.md,studio/positioning,symposium os skills marketplace levelingup,2798,working,archive,planning
Symposium Studios,######Symposium Studios/# Leveling up /5_14_2026 signal.docx,studio/positioning/5-14-2026-signal.md,studio/positioning,5 14 2026 signal,1282,private/internal,reference,planning
Symposium Studios,######Symposium Studios/# Leveling up /Marcus Vale Positioning Decision.docx,studio/positioning/marcus-vale-positioning-decision.md,studio/positioning,Marcus Vale Positioning Decision,952,public-candidate,active,planning
Symposium Studios,######Symposium Studios/# Leveling up /Business Model/new_symposium_operating_manifesto_public_internal.docx,studio/positioning/new-symposium-operating-manifesto-public-internal.md,studio/positioning,new symposium operating manifesto public internal,2530,working,reference,planning
Symposium Studios,######Symposium Studios/# Leveling up /Business Model/symposium_studios_operating_model_final (1).docx,studio/positioning/symposium-studios-operating-model-final-1.md,studio/positioning,symposium studios operating model final (1),4823,working,reference,planning
Symposium Studios,######Symposium Studios/# Leveling up /Education /Marcus_Symposium_AI_Self_Study_Build_Ladder_and_Glossary.docx,studio/positioning/marcus-symposium-ai-self-study-build-ladder-and-glossary.md,studio/positioning,Marcus Symposium AI Self Study Build Ladder and Glossary,4379,working,active,planning
Symposium Studios,######Symposium Studios/# Leveling up /Agents/agentic_tools_leveling_up_roadmap_v2.docx,studio/positioning/agentic-tools-leveling-up-roadmap-v2.md,studio/positioning,agentic tools leveling up roadmap v2,2040,working,archive,planning
Symposium Studios,######Symposium Studios/# Leveling up /#New Symposium OS/Copy of OB1_Book_Miner.docx,studio/positioning/copy-of-ob1-book-miner.md,studio/positioning,Copy of OB1 Book Miner,2654,private/internal,archive,studio-os
Symposium Studios,######Symposium Studios/# Leveling up /#New Symposium OS/Copy of Symposium OS Level-Up Note may 26 2026.docx,studio/positioning/copy-of-symposium-os-level-up-note-may-26-2026.md,studio/positioning,Copy of Symposium OS Level Up Note may 26 2026,1182,working,active,studio-os
Symposium Studios,######Symposium Studios/# Leveling up /#New Symposium OS/Symposium_Studios_Future_Knowledge_Layer_Maintenance.docx,studio/positioning/symposium-studios-future-knowledge-layer-maintenance.md,studio/positioning,Symposium Studios Future Knowledge Layer Maintenance,1616,working,archive,studio-os
Symposium Studios,######Symposium Studios/Websites/Symposiumstudios.ai/SYMPOSIUM_STUDIOS_V0_BUILD_DIRECTIVE.md,studio/websites/symposium-studios-v0-build-directive.md,studio/websites,SYMPOSIUM STUDIOS V0 BUILD DIRECTIVE,1242,working,active,website
Symposium Studios,######Symposium Studios/Websites/Symposiumstudios.ai/SYMPOSIUM_STUDIOS_V0_COPY_LOCKED.md,studio/websites/symposium-studios-v0-copy-locked.md,studio/websites,SYMPOSIUM STUDIOS V0 COPY LOCKED,1041,working,active,website
Symposium Studios,######Symposium Studios/Websites/Symposiumstudios.ai/ASSET_GENERATION_PROMPTS.docx,studio/websites/asset-generation-prompts.md,studio/websites,ASSET GENERATION PROMPTS,1494,private/internal,reference,website
Symposium Studios,######Symposium Studios/Websites/Symposiumstudios.ai/SYMPOSIUM_STUDIOS_SITE_OVERVIEW.md,studio/websites/symposium-studios-site-overview.md,studio/websites,SYMPOSIUM STUDIOS SITE OVERVIEW,2596,working,active,website
Symposium Studios,######Symposium Studios/Websites/marcus-vale.com/MARCUS_VALE_SITE_OVERVIEW.md,studio/websites/marcus-vale-site-overview.md,studio/websites,MARCUS VALE SITE OVERVIEW,2839,working,reference,website
Symposium Studios,######Symposium Studios/Websites/marcus-vale.com/MARCUS_VALE_V0_COPY_LOCKED.md,studio/websites/marcus-vale-v0-copy-locked.md,studio/websites,MARCUS VALE V0 COPY LOCKED,678,working,active,website
Symposium Studios,######Symposium Studios/Websites/marcus-vale.com/MARCUS_VALE_V0_BUILD_DIRECTIVE.md,studio/websites/marcus-vale-v0-build-directive.md,studio/websites,MARCUS VALE V0 BUILD DIRECTIVE,1417,private/internal,active,website
Symposium Studios,######Symposium Studios/#Studio OS/Hemes OS MVP.docx,studio/symposium-os/source-notes/hemes-os-mvp.md,studio/symposium-os/source-notes,Hemes OS MVP,4560,private/internal,archive,studio-os
Symposium Studios,######Symposium Studios/#Studio OS/Copy of AGENTIC CODING DIRECTOR PRIMER OS.docx,studio/symposium-os/source-notes/copy-of-agentic-coding-director-primer-os.md,studio/symposium-os/source-notes,Copy of AGENTIC CODING DIRECTOR PRIMER OS,1293,working,reference,studio-os
Symposium Studios,######Symposium Studios/#Studio OS/# Agent Skill_ Eval Harness.docx,studio/symposium-os/source-notes/agent-skill-eval-harness.md,studio/symposium-os/source-notes,# Agent Skill Eval Harness,2176,working,archive,studio-os
Symposium Studios,######Symposium Studios/#Studio OS/Skills docket to make.docx,studio/symposium-os/source-notes/skills-docket-to-make.md,studio/symposium-os/source-notes,Skills docket to make,133,working,active,studio-os
Symposium Studios,######Symposium Studios/#Studio OS/Links to reference.docx,studio/symposium-os/source-notes/links-to-reference.md,studio/symposium-os/source-notes,Links to reference,5,working,reference,studio-os
Symposium Studios,######Symposium Studios/#Studio OS/Business and vision docs /V 0 Symposium_Studios_Overview_Skeleton.docx,studio/symposium-os/source-notes/v-0-symposium-studios-overview-skeleton.md,studio/symposium-os/source-notes,V 0 Symposium Studios Overview Skeleton,3415,working,active,studio-os
Symposium Studios,######Symposium Studios/#Studio OS/Guides and references /marcus_ai_agents_field_guide.docx,studio/symposium-os/source-notes/marcus-ai-agents-field-guide.md,studio/symposium-os/source-notes,marcus ai agents field guide,3440,working,active,studio-os
Symposium Studios,######Symposium Studios/#Studio OS/Guides and references /OpenAI_Guide_to_Codex_for_Marcus.docx,studio/symposium-os/source-notes/openai-guide-to-codex-for-marcus.md,studio/symposium-os/source-notes,OpenAI Guide to Codex for Marcus,4684,working,active,studio-os
Symposium Studios,######Symposium Studios/#Studio OS/Guides and references /Symposium_Studios_Build_Pattern_Notes.docx,studio/symposium-os/source-notes/symposium-studios-build-pattern-notes.md,studio/symposium-os/source-notes,Symposium Studios Build Pattern Notes,6008,working,active,studio-os
Symposium Studios,######Symposium Studios/#Studio OS/Guides and references /Cookbook_to_Prompt_Compiler_Pattern.docx,studio/symposium-os/source-notes/cookbook-to-prompt-compiler-pattern.md,studio/symposium-os/source-notes,Cookbook to Prompt Compiler Pattern,1596,working,reference,studio-os
Symposium Studios,######Symposium Studios/#Studio OS/#SYMPOSIUM OS/AUTONOMY_LAYER.md Symposium Template.docx,studio/symposium-os/source-notes/autonomy-layer-md-symposium-template.md,studio/symposium-os/source-notes,AUTONOMY LAYER.md Symposium Template,3537,working,active,studio-os
Symposium Studios,######Symposium Studios/#Studio OS/#SYMPOSIUM OS/Symposium OS structure 5_16_26.docx,studio/symposium-os/source-notes/symposium-os-structure-5-16-26.md,studio/symposium-os/source-notes,Symposium OS structure 5 16 26,128,working,active,studio-os
Symposium Studios,######Symposium Studios/#Studio OS/#SYMPOSIUM OS/Copy of Symposium OS_ The Cleaner Room Protocol 5_21_2026.docx,studio/symposium-os/source-notes/copy-of-symposium-os-the-cleaner-room-protocol-5-21-2026.md,studio/symposium-os/source-notes,Copy of Symposium OS The Cleaner Room Protocol 5 21 2026,3716,working,reference,studio-os
Symposium Studios,######Symposium Studios/#Studio OS/#SYMPOSIUM OS/Skills/# Marcus Vale Writing Skill.docx,studio/symposium-os/source-notes/marcus-vale-writing-skill.md,studio/symposium-os/source-notes,# Marcus Vale Writing Skill,3210,working,archive,studio-os;media
Symposium Studios,"######Symposium Studios/#Studio OS/Game MVP Prompts/Symposium Studios “Build Pattern Notes” artifact_ a living library of agentic build patterns you notice in the wild, translate into platform-agnostic workflows, and eventually turn into your own internal production doctrine.docx",studio/symposium-os/source-notes/symposium-studios-build-pattern-notes-artifact-a-living-library-of-agentic-build-patterns-you-no.md,studio/symposium-os/source-notes,"Symposium Studios “Build Pattern Notes” artifact a living library of agentic build patterns you notice in the wild, translate into platform agnostic workflows, and eventually turn into your own internal production doctrine",1066,working,active,studio-os
Symposium Studios,######Symposium Studios/#Studio OS/Game MVP Prompts/AUTONOMY_LAYER.md  Game MVP.docx,studio/symposium-os/source-notes/autonomy-layer-md-game-mvp.md,studio/symposium-os/source-notes,AUTONOMY LAYER.md Game MVP,2281,working,reference,studio-os
Symposium Studios,######Symposium Studios/#Studio OS/Game MVP Prompts/Autonomous Build Meta Prompt Game MVP.docx,studio/symposium-os/source-notes/autonomous-build-meta-prompt-game-mvp.md,studio/symposium-os/source-notes,Autonomous Build Meta Prompt Game MVP,432,working,active,studio-os
Symposium Studios,######Symposium Studios/Writing/Essay Scaffold_ Bag and Bankroll.docx,studio/media-youtube-writing/writing/essay-scaffold-bag-and-bankroll.md,studio/media-youtube-writing/writing,Essay Scaffold Bag and Bankroll,2294,private/internal,reference,media
Symposium Studios,######Symposium Studios/Writing/The first Marcus writing lane.docx,studio/media-youtube-writing/writing/the-first-marcus-writing-lane.md,studio/media-youtube-writing/writing,The first Marcus writing lane,352,private/internal,archive,media
Symposium Studios,######Symposium Studios/Writing/Essay Scaffold_ The AI-Native Studio Is Not a Software Factory.docx,studio/media-youtube-writing/writing/essay-scaffold-the-ai-native-studio-is-not-a-software-factory.md,studio/media-youtube-writing/writing,Essay Scaffold The AI Native Studio Is Not a Software Factory,4392,private/internal,active,media
Symposium Studios,"######Symposium Studios/Writing/Archive/Essay Scaffold_ Solo, But Not Alone.docx",studio/media-youtube-writing/writing/essay-scaffold-solo-but-not-alone.md,studio/media-youtube-writing/writing,"Essay Scaffold Solo, But Not Alone",2037,private/internal,archive,media;archive
Symposium Studios,"######Symposium Studios/Writing/Drafts/Draft 5_14_26 Solo, But Not Alone.docx",studio/media-youtube-writing/writing/draft-5-14-26-solo-but-not-alone.md,studio/media-youtube-writing/writing,"Draft 5 14 26 Solo, But Not Alone",3747,working,reference,media
Nested package,kairos-bootstrap.zip/README.md,products/kairos/bootstrap-package/README.md,products/kairos/bootstrap-package,README,187,working,reference,product
Nested package,kairos-bootstrap.zip/KAIROS_DIRECTIVE.md,products/kairos/bootstrap-package/KAIROS_DIRECTIVE.md,products/kairos/bootstrap-package,KAIROS DIRECTIVE,2419,working,reference,product
Nested package,kairos-bootstrap.zip/docs/kairos-spec-v1.1.md,products/kairos/bootstrap-package/docs/kairos-spec-v1.1.md,products/kairos/bootstrap-package,kairos spec v1.1,3960,working,reference,product
Nested package,kairos-bootstrap.zip/.symposium/AUTONOMY_LAYER.md,products/kairos/bootstrap-package/.symposium/AUTONOMY_LAYER.md,products/kairos/bootstrap-package,AUTONOMY LAYER,2193,working,reference,product
Nested package,kairos-bootstrap.zip/.symposium/CONTEXT.md,products/kairos/bootstrap-package/.symposium/CONTEXT.md,products/kairos/bootstrap-package,CONTEXT,496,working,reference,product
Nested package,kairos-bootstrap.zip/.symposium/README.md,products/kairos/bootstrap-package/.symposium/README.md,products/kairos/bootstrap-package,README,414,working,reference,product
Nested package,kairos-bootstrap.zip/.symposium/META_PROMPT.md,products/kairos/bootstrap-package/.symposium/META_PROMPT.md,products/kairos/bootstrap-package,META PROMPT,809,working,reference,product
Nested package,kairos-bootstrap.zip/.symposium/adr/0001-skills-marketplace-architecture.md,products/kairos/bootstrap-package/.symposium/adr/0001-skills-marketplace-architecture.md,products/kairos/bootstrap-package,0001 skills marketplace architecture,397,working,reference,product
Nested package,kairos-bootstrap.zip/.symposium/adr/0002-file-first-no-db-v1.md,products/kairos/bootstrap-package/.symposium/adr/0002-file-first-no-db-v1.md,products/kairos/bootstrap-package,0002 file first no db v1,320,working,reference,product
Nested package,kairos-bootstrap.zip/.symposium/adr/0004-two-pass-relevance-scoring.md,products/kairos/bootstrap-package/.symposium/adr/0004-two-pass-relevance-scoring.md,products/kairos/bootstrap-package,0004 two pass relevance scoring,385,working,reference,product
Nested package,kairos-bootstrap.zip/.symposium/adr/0003-carly-as-source-of-truth.md,products/kairos/bootstrap-package/.symposium/adr/0003-carly-as-source-of-truth.md,products/kairos/bootstrap-package,0003 carly as source of truth,384,working,reference,product
Nested package,kairos-bootstrap.zip/.symposium/templates/handoff-template.md,products/kairos/bootstrap-package/.symposium/templates/handoff-template.md,products/kairos/bootstrap-package,handoff template,147,working,reference,product
Nested package,kairos-bootstrap.zip/.symposium/templates/directive-template.md,products/kairos/bootstrap-package/.symposium/templates/directive-template.md,products/kairos/bootstrap-package,directive template,280,working,reference,product
Nested package,kairos-bootstrap.zip/.symposium/templates/adr-template.md,products/kairos/bootstrap-package/.symposium/templates/adr-template.md,products/kairos/bootstrap-package,adr template,84,working,reference,product
Nested package,kairos-bootstrap.zip/.symposium/templates/build-report-template.md,products/kairos/bootstrap-package/.symposium/templates/build-report-template.md,products/kairos/bootstrap-package,build report template,155,working,reference,product
Nested package,kairos-bootstrap.zip/.symposium/skills/handoff/session-handoff/SKILL.md,products/kairos/bootstrap-package/.symposium/skills/handoff/session-handoff/SKILL.md,products/kairos/bootstrap-package,SKILL,316,working,reference,product
Nested package,kairos-bootstrap.zip/.symposium/skills/planning/grill-with-docs/SKILL.md,products/kairos/bootstrap-package/.symposium/skills/planning/grill-with-docs/SKILL.md,products/kairos/bootstrap-package,SKILL,305,working,reference,product
Nested package,kairos-bootstrap.zip/.symposium/skills/planning/generate-directive/SKILL.md,products/kairos/bootstrap-package/.symposium/skills/planning/generate-directive/SKILL.md,products/kairos/bootstrap-package,SKILL,373,working,reference,product
Nested package,kairos-bootstrap.zip/.symposium/skills/execution/deployment-preflight/SKILL.md,products/kairos/bootstrap-package/.symposium/skills/execution/deployment-preflight/SKILL.md,products/kairos/bootstrap-package,SKILL,308,working,reference,product
Nested package,kairos-bootstrap.zip/.symposium/skills/execution/mcp-write-safety/SKILL.md,products/kairos/bootstrap-package/.symposium/skills/execution/mcp-write-safety/SKILL.md,products/kairos/bootstrap-package,SKILL,340,working,reference,product
Nested package,kairos-bootstrap.zip/.symposium/skills/review/build-report-ledger/SKILL.md,products/kairos/bootstrap-package/.symposium/skills/review/build-report-ledger/SKILL.md,products/kairos/bootstrap-package,SKILL,319,working,reference,product
Nested package,kairos-bootstrap.zip/.symposium/skills/review/council-review/SKILL.md,products/kairos/bootstrap-package/.symposium/skills/review/council-review/SKILL.md,products/kairos/bootstrap-package,SKILL,331,working,reference,product
Nested package,kairos-bootstrap.zip/.symposium/skills/review/public-surface-qa/SKILL.md,products/kairos/bootstrap-package/.symposium/skills/review/public-surface-qa/SKILL.md,products/kairos/bootstrap-package,SKILL,329,working,reference,product
Nested package,kairos-bootstrap.zip/.symposium/skills/diagnostics/ics-feed-diagnostic/SKILL.md,products/kairos/bootstrap-package/.symposium/skills/diagnostics/ics-feed-diagnostic/SKILL.md,products/kairos/bootstrap-package,SKILL,321,working,reference,product
Nested package,kairos-bootstrap.zip/.symposium/skills/diagnostics/api-surface-diagnostic/SKILL.md,products/kairos/bootstrap-package/.symposium/skills/diagnostics/api-surface-diagnostic/SKILL.md,products/kairos/bootstrap-package,SKILL,248,working,reference,product
Nested package,kairos-bootstrap.zip/data/marcus-route.json,products/kairos/bootstrap-package/data/marcus-route.json,products/kairos/bootstrap-package,marcus route.json,25,working,reference,product
Nested package,symposium-os-v0_3.zip/symposium-os/OVERVIEW.md,studio/symposium-os/package/symposium-os/OVERVIEW.md,studio/symposium-os/package,OVERVIEW,3006,working,reference,studio-os
Nested package,symposium-os-v0_3.zip/symposium-os/CHANGELOG.md,studio/symposium-os/package/symposium-os/CHANGELOG.md,studio/symposium-os/package,CHANGELOG,1018,working,reference,studio-os
Nested package,symposium-os-v0_3.zip/symposium-os/README.md,studio/symposium-os/package/symposium-os/README.md,studio/symposium-os/package,README,477,working,reference,studio-os
Nested package,symposium-os-v0_3.zip/symposium-os/PHILOSOPHY.md,studio/symposium-os/package/symposium-os/PHILOSOPHY.md,studio/symposium-os/package,PHILOSOPHY,762,working,reference,studio-os
Nested package,symposium-os-v0_3.zip/symposium-os/OPERATOR_NOTES.md,studio/symposium-os/package/symposium-os/OPERATOR_NOTES.md,studio/symposium-os/package,OPERATOR NOTES,904,working,reference,studio-os
Nested package,symposium-os-v0_3.zip/symposium-os/init/POST_INIT_CHECKLIST.md,studio/symposium-os/package/symposium-os/init/POST_INIT_CHECKLIST.md,studio/symposium-os/package,POST INIT CHECKLIST,433,working,reference,studio-os
Nested package,symposium-os-v0_3.zip/symposium-os/init/INIT_PROMPT.md,studio/symposium-os/package/symposium-os/init/INIT_PROMPT.md,studio/symposium-os/package,INIT PROMPT,1513,working,reference,studio-os
Nested package,symposium-os-v0_3.zip/symposium-os/init/README.md,studio/symposium-os/package/symposium-os/init/README.md,studio/symposium-os/package,README,349,working,reference,studio-os
Nested package,symposium-os-v0_3.zip/symposium-os/init/stack-presets/expo-eas-supabase.yml,studio/symposium-os/package/symposium-os/init/stack-presets/expo-eas-supabase.yml,studio/symposium-os/package,expo eas supabase.yml,47,working,reference,studio-os
Nested package,symposium-os-v0_3.zip/symposium-os/init/stack-presets/README.md,studio/symposium-os/package/symposium-os/init/stack-presets/README.md,studio/symposium-os/package,README,357,working,reference,studio-os
Nested package,symposium-os-v0_3.zip/symposium-os/init/stack-presets/nextjs-vercel-static.yml,studio/symposium-os/package/symposium-os/init/stack-presets/nextjs-vercel-static.yml,studio/symposium-os/package,nextjs vercel static.yml,47,working,reference,studio-os
Nested package,symposium-os-v0_3.zip/symposium-os/init/stack-presets/python-fastapi-postgres.yml,studio/symposium-os/package/symposium-os/init/stack-presets/python-fastapi-postgres.yml,studio/symposium-os/package,python fastapi postgres.yml,47,working,reference,studio-os
Nested package,symposium-os-v0_3.zip/symposium-os/init/stack-presets/nextjs-vercel-neon.yml,studio/symposium-os/package/symposium-os/init/stack-presets/nextjs-vercel-neon.yml,studio/symposium-os/package,nextjs vercel neon.yml,47,working,reference,studio-os
Nested package,symposium-os-v0_3.zip/symposium-os/archive/AUTONOMY_LAYER-v2.1.md,studio/symposium-os/package/symposium-os/archive/AUTONOMY_LAYER-v2.1.md,studio/symposium-os/package,AUTONOMY LAYER v2.1,3687,working,reference,studio-os
Nested package,symposium-os-v0_3.zip/symposium-os/archive/AUTONOMY_LAYER-v1.3.md,studio/symposium-os/package/symposium-os/archive/AUTONOMY_LAYER-v1.3.md,studio/symposium-os/package,AUTONOMY LAYER v1.3,2244,working,reference,studio-os
Nested package,symposium-os-v0_3.zip/symposium-os/archive/README.md,studio/symposium-os/package/symposium-os/archive/README.md,studio/symposium-os/package,README,264,working,reference,studio-os
Nested package,symposium-os-v0_3.zip/symposium-os/archive/AUTONOMY_LAYER-v2.2.md,studio/symposium-os/package/symposium-os/archive/AUTONOMY_LAYER-v2.2.md,studio/symposium-os/package,AUTONOMY LAYER v2.2,3998,working,reference,studio-os
Nested package,symposium-os-v0_3.zip/symposium-os/template/AUTONOMY_LAYER.md,studio/symposium-os/package/symposium-os/template/AUTONOMY_LAYER.md,studio/symposium-os/package,AUTONOMY LAYER,3998,working,reference,studio-os
Nested package,symposium-os-v0_3.zip/symposium-os/template/CONTEXT.md,studio/symposium-os/package/symposium-os/template/CONTEXT.md,studio/symposium-os/package,CONTEXT,421,working,reference,studio-os
Nested package,symposium-os-v0_3.zip/symposium-os/template/README.md,studio/symposium-os/package/symposium-os/template/README.md,studio/symposium-os/package,README,575,working,reference,studio-os
Nested package,symposium-os-v0_3.zip/symposium-os/template/META_PROMPT.md,studio/symposium-os/package/symposium-os/template/META_PROMPT.md,studio/symposium-os/package,META PROMPT,1116,working,reference,studio-os
Nested package,symposium-os-v0_3.zip/symposium-os/template/adr/0001-adopted-symposium-os.md,studio/symposium-os/package/symposium-os/template/adr/0001-adopted-symposium-os.md,studio/symposium-os/package,0001 adopted symposium os,267,working,reference,studio-os
Nested package,symposium-os-v0_3.zip/symposium-os/template/templates/handoff-template.md,studio/symposium-os/package/symposium-os/template/templates/handoff-template.md,studio/symposium-os/package,handoff template,154,working,reference,studio-os
Nested package,symposium-os-v0_3.zip/symposium-os/template/templates/cross-platform-handoff-template.md,studio/symposium-os/package/symposium-os/template/templates/cross-platform-handoff-template.md,studio/symposium-os/package,cross platform handoff template,708,working,reference,studio-os
Nested package,symposium-os-v0_3.zip/symposium-os/template/templates/directive-template.md,studio/symposium-os/package/symposium-os/template/templates/directive-template.md,studio/symposium-os/package,directive template,489,working,reference,studio-os
Nested package,symposium-os-v0_3.zip/symposium-os/template/templates/qa-tester-onboarding-template.md,studio/symposium-os/package/symposium-os/template/templates/qa-tester-onboarding-template.md,studio/symposium-os/package,qa tester onboarding template,799,working,reference,studio-os
Nested package,symposium-os-v0_3.zip/symposium-os/template/templates/adr-template.md,studio/symposium-os/package/symposium-os/template/templates/adr-template.md,studio/symposium-os/package,adr template,84,working,reference,studio-os
Nested package,symposium-os-v0_3.zip/symposium-os/template/templates/build-report-template.md,studio/symposium-os/package/symposium-os/template/templates/build-report-template.md,studio/symposium-os/package,build report template,167,working,reference,studio-os
Nested package,symposium-os-v0_3.zip/symposium-os/template/skills/handoff/session-handoff/SKILL.md,studio/symposium-os/package/symposium-os/template/skills/handoff/session-handoff/SKILL.md,studio/symposium-os/package,SKILL,375,working,reference,studio-os
Nested package,symposium-os-v0_3.zip/symposium-os/template/skills/planning/production-bug-triage/SKILL.md,studio/symposium-os/package/symposium-os/template/skills/planning/production-bug-triage/SKILL.md,studio/symposium-os/package,SKILL,740,working,reference,studio-os
Nested package,symposium-os-v0_3.zip/symposium-os/template/skills/planning/directive-audit-revise/SKILL.md,studio/symposium-os/package/symposium-os/template/skills/planning/directive-audit-revise/SKILL.md,studio/symposium-os/package,SKILL,743,working,reference,studio-os
Nested package,symposium-os-v0_3.zip/symposium-os/template/skills/planning/grill-with-docs/SKILL.md,studio/symposium-os/package/symposium-os/template/skills/planning/grill-with-docs/SKILL.md,studio/symposium-os/package,SKILL,326,working,reference,studio-os
Nested package,symposium-os-v0_3.zip/symposium-os/template/skills/planning/model-routing/SKILL.md,studio/symposium-os/package/symposium-os/template/skills/planning/model-routing/SKILL.md,studio/symposium-os/package,SKILL,720,working,reference,studio-os
Nested package,symposium-os-v0_3.zip/symposium-os/template/skills/planning/generate-directive/SKILL.md,studio/symposium-os/package/symposium-os/template/skills/planning/generate-directive/SKILL.md,studio/symposium-os/package,SKILL,642,working,reference,studio-os
Nested package,symposium-os-v0_3.zip/symposium-os/template/skills/execution/deployment-preflight/SKILL.md,studio/symposium-os/package/symposium-os/template/skills/execution/deployment-preflight/SKILL.md,studio/symposium-os/package,SKILL,403,working,reference,studio-os
Nested package,symposium-os-v0_3.zip/symposium-os/template/skills/execution/mcp-write-safety/SKILL.md,studio/symposium-os/package/symposium-os/template/skills/execution/mcp-write-safety/SKILL.md,studio/symposium-os/package,SKILL,405,working,reference,studio-os
Nested package,symposium-os-v0_3.zip/symposium-os/template/skills/review/build-report-ledger/SKILL.md,studio/symposium-os/package/symposium-os/template/skills/review/build-report-ledger/SKILL.md,studio/symposium-os/package,SKILL,386,working,reference,studio-os
Nested package,symposium-os-v0_3.zip/symposium-os/template/skills/review/post-run-mortem/SKILL.md,studio/symposium-os/package/symposium-os/template/skills/review/post-run-mortem/SKILL.md,studio/symposium-os/package,SKILL,885,working,reference,studio-os
Nested package,symposium-os-v0_3.zip/symposium-os/template/skills/review/council-review/SKILL.md,studio/symposium-os/package/symposium-os/template/skills/review/council-review/SKILL.md,studio/symposium-os/package,SKILL,432,working,reference,studio-os
Nested package,symposium-os-v0_3.zip/symposium-os/template/skills/review/public-surface-qa/SKILL.md,studio/symposium-os/package/symposium-os/template/skills/review/public-surface-qa/SKILL.md,studio/symposium-os/package,SKILL,402,working,reference,studio-os
Nested package,symposium-os-v0_3.zip/symposium-os/template/skills/diagnostics/feed-diagnostic/SKILL.md,studio/symposium-os/package/symposium-os/template/skills/diagnostics/feed-diagnostic/SKILL.md,studio/symposium-os/package,SKILL,668,working,reference,studio-os
Nested package,symposium-os-v0_3.zip/symposium-os/template/skills/diagnostics/api-surface-diagnostic/SKILL.md,studio/symposium-os/package/symposium-os/template/skills/diagnostics/api-surface-diagnostic/SKILL.md,studio/symposium-os/package,SKILL,295,working,reference,studio-os
Nested package,symposium-os-v0_3.zip/symposium-os/docs/HOW_TO_AUTHOR_A_SKILL.md,studio/symposium-os/package/symposium-os/docs/HOW_TO_AUTHOR_A_SKILL.md,studio/symposium-os/package,HOW TO AUTHOR A SKILL,842,working,reference,studio-os
Nested package,symposium-os-v0_3.zip/symposium-os/docs/VERSIONING.md,studio/symposium-os/package/symposium-os/docs/VERSIONING.md,studio/symposium-os/package,VERSIONING,758,working,reference,studio-os
Nested package,symposium-os-v0_3.zip/symposium-os/docs/PARALLEL_AGENTS.md,studio/symposium-os/package/symposium-os/docs/PARALLEL_AGENTS.md,studio/symposium-os/package,PARALLEL AGENTS,1012,working,reference,studio-os
Nested package,symposium-os-v0_3.zip/symposium-os/docs/HOW_TO_WRITE_AN_ADR.md,studio/symposium-os/package/symposium-os/docs/HOW_TO_WRITE_AN_ADR.md,studio/symposium-os/package,HOW TO WRITE AN ADR,769,working,reference,studio-os
Nested package,symposium-os-v0_3.zip/symposium-os/docs/PROMOTING_PROJECT_LEARNINGS.md,studio/symposium-os/package/symposium-os/docs/PROMOTING_PROJECT_LEARNINGS.md,studio/symposium-os/package,PROMOTING PROJECT LEARNINGS,917,working,reference,studio-os
Nested package,symposium-os-v0_3.zip/symposium-os/case-studies/README.md,studio/symposium-os/package/symposium-os/case-studies/README.md,studio/symposium-os/package,README,348,working,reference,studio-os
Nested package,symposium-os-v0_3.zip/symposium-os/case-studies/kairos-rescue/README.md,studio/symposium-os/package/symposium-os/case-studies/kairos-rescue/README.md,studio/symposium-os/package,README,105,working,reference,studio-os
Nested package,symposium-os-v0_3.zip/symposium-os/case-studies/kairos-bootstrap/README.md,studio/symposium-os/package/symposium-os/case-studies/kairos-bootstrap/README.md,studio/symposium-os/package,README,141,working,reference,studio-os
Nested package,symposium-os-v0_3.zip/symposium-os/meta-adr/0003-template-vs-init-split.md,studio/symposium-os/package/symposium-os/meta-adr/0003-template-vs-init-split.md,studio/symposium-os/package,0003 template vs init split,602,working,reference,studio-os
Nested package,symposium-os-v0_3.zip/symposium-os/meta-adr/0001-skills-marketplace-architecture.md,studio/symposium-os/package/symposium-os/meta-adr/0001-skills-marketplace-architecture.md,studio/symposium-os/package,0001 skills marketplace architecture,454,working,reference,studio-os
Nested package,symposium-os-v0_3.zip/symposium-os/meta-adr/0002-versioning-asymmetry.md,studio/symposium-os/package/symposium-os/meta-adr/0002-versioning-asymmetry.md,studio/symposium-os/package,0002 versioning asymmetry,478,working,reference,studio-os
Nested package,symposium-os-v0_3.zip/symposium-os/meta-adr/0004-stabilization-before-optimization.md,studio/symposium-os/package/symposium-os/meta-adr/0004-stabilization-before-optimization.md,studio/symposium-os/package,0004 stabilization before optimization,883,working,reference,studio-os
